<?xml version="1.0" encoding="UTF-8"?>
<!DOCTYPE mapper PUBLIC "-//mybatis.org//DTD Mapper 3.0//EN" "http://mybatis.org/dtd/mybatis-3-mapper.dtd">
<mapper namespace="com.cuit.portal.mapper.UsersMapper">
  <resultMap id="BaseResultMap" type="com.cuit.portal.entity.Users">
    <id column="user_id" jdbcType="INTEGER" property="userId" />
    <result column="email" jdbcType="VARCHAR" property="email" />
    <result column="password" jdbcType="VARCHAR" property="password" />
    <result column="sex" jdbcType="TINYINT" property="sex" />
    <result column="birthday" jdbcType="INTEGER" property="birthday" />
    <result column="user_money" jdbcType="DECIMAL" property="userMoney" />
    <result column="frozen_money" jdbcType="DECIMAL" property="frozenMoney" />
    <result column="distribut_money" jdbcType="DECIMAL" property="distributMoney" />
    <result column="pay_points" jdbcType="INTEGER" property="payPoints" />
    <result column="address_id" jdbcType="INTEGER" property="addressId" />
    <result column="reg_time" jdbcType="INTEGER" property="regTime" />
    <result column="last_login" jdbcType="INTEGER" property="lastLogin" />
    <result column="last_ip" jdbcType="VARCHAR" property="lastIp" />
    <result column="qq" jdbcType="VARCHAR" property="qq" />
    <result column="mobile" jdbcType="VARCHAR" property="mobile" />
    <result column="mobile_validated" jdbcType="TINYINT" property="mobileValidated" />
    <result column="oauth" jdbcType="VARCHAR" property="oauth" />
    <result column="openid" jdbcType="VARCHAR" property="openid" />
    <result column="head_pic" jdbcType="VARCHAR" property="headPic" />
    <result column="province" jdbcType="INTEGER" property="province" />
    <result column="city" jdbcType="INTEGER" property="city" />
    <result column="district" jdbcType="INTEGER" property="district" />
    <result column="email_validated" jdbcType="TINYINT" property="emailValidated" />
    <result column="nickname" jdbcType="VARCHAR" property="nickname" />
    <result column="level" jdbcType="TINYINT" property="level" />
    <result column="discount" jdbcType="DECIMAL" property="discount" />
    <result column="total_amount" jdbcType="DECIMAL" property="totalAmount" />
    <result column="is_lock" jdbcType="TINYINT" property="isLock" />
    <result column="is_distribut" jdbcType="TINYINT" property="isDistribut" />
    <result column="first_leader" jdbcType="INTEGER" property="firstLeader" />
    <result column="second_leader" jdbcType="INTEGER" property="secondLeader" />
    <result column="third_leader" jdbcType="INTEGER" property="thirdLeader" />
    <result column="token" jdbcType="VARCHAR" property="token" />
  </resultMap>
  <sql id="Example_Where_Clause">
    <where>
      <foreach collection="oredCriteria" item="criteria" separator="or">
        <if test="criteria.valid">
          <trim prefix="(" prefixOverrides="and" suffix=")">
            <foreach collection="criteria.criteria" item="criterion">
              <choose>
                <when test="criterion.noValue">
                  and ${criterion.condition}
                </when>
                <when test="criterion.singleValue">
                  and ${criterion.condition} #{criterion.value}
                </when>
                <when test="criterion.betweenValue">
                  and ${criterion.condition} #{criterion.value} and #{criterion.secondValue}
                </when>
                <when test="criterion.listValue">
                  and ${criterion.condition}
                  <foreach close=")" collection="criterion.value" item="listItem" open="(" separator=",">
                    #{listItem}
                  </foreach>
                </when>
              </choose>
            </foreach>
          </trim>
        </if>
      </foreach>
    </where>
  </sql>
  <sql id="Update_By_Example_Where_Clause">
    <where>
      <foreach collection="example.oredCriteria" item="criteria" separator="or">
        <if test="criteria.valid">
          <trim prefix="(" prefixOverrides="and" suffix=")">
            <foreach collection="criteria.criteria" item="criterion">
              <choose>
                <when test="criterion.noValue">
                  and ${criterion.condition}
                </when>
                <when test="criterion.singleValue">
                  and ${criterion.condition} #{criterion.value}
                </when>
                <when test="criterion.betweenValue">
                  and ${criterion.condition} #{criterion.value} and #{criterion.secondValue}
                </when>
                <when test="criterion.listValue">
                  and ${criterion.condition}
                  <foreach close=")" collection="criterion.value" item="listItem" open="(" separator=",">
                    #{listItem}
                  </foreach>
                </when>
              </choose>
            </foreach>
          </trim>
        </if>
      </foreach>
    </where>
  </sql>
  <sql id="Base_Column_List">
    user_id, email, password, sex, birthday, user_money, frozen_money, distribut_money, 
    pay_points, address_id, reg_time, last_login, last_ip, qq, mobile, mobile_validated, 
    oauth, openid, head_pic, province, city, district, email_validated, nickname, level, 
    discount, total_amount, is_lock, is_distribut, first_leader, second_leader, third_leader, 
    token
  </sql>
  <select id="selectByExample" parameterType="com.cuit.portal.entity.UsersExample" resultMap="BaseResultMap">
    select
    <if test="distinct">
      distinct
    </if>
    <include refid="Base_Column_List" />
    from t_users
    <if test="_parameter != null">
      <include refid="Example_Where_Clause" />
    </if>
    <if test="orderByClause != null">
      order by ${orderByClause}
    </if>
  </select>
  <select id="selectByPrimaryKey" parameterType="java.lang.Integer" resultMap="BaseResultMap">
    select 
    <include refid="Base_Column_List" />
    from t_users
    where user_id = #{userId,jdbcType=INTEGER}
  </select>
  <delete id="deleteByPrimaryKey" parameterType="java.lang.Integer">
    delete from t_users
    where user_id = #{userId,jdbcType=INTEGER}
  </delete>
  <delete id="deleteByExample" parameterType="com.cuit.portal.entity.UsersExample">
    delete from t_users
    <if test="_parameter != null">
      <include refid="Example_Where_Clause" />
    </if>
  </delete>
  <insert id="insert" parameterType="com.cuit.portal.entity.Users">
    <selectKey keyProperty="userId" order="AFTER" resultType="java.lang.Integer">
      SELECT LAST_INSERT_ID()
    </selectKey>
    insert into t_users (email, password, sex, 
      birthday, user_money, frozen_money, 
      distribut_money, pay_points, address_id, 
      reg_time, last_login, last_ip, 
      qq, mobile, mobile_validated, 
      oauth, openid, head_pic, 
      province, city, district, 
      email_validated, nickname, level, 
      discount, total_amount, is_lock, 
      is_distribut, first_leader, second_leader, 
      third_leader, token)
    values (#{email,jdbcType=VARCHAR}, #{password,jdbcType=VARCHAR}, #{sex,jdbcType=TINYINT}, 
      #{birthday,jdbcType=INTEGER}, #{userMoney,jdbcType=DECIMAL}, #{frozenMoney,jdbcType=DECIMAL}, 
      #{distributMoney,jdbcType=DECIMAL}, #{payPoints,jdbcType=INTEGER}, #{addressId,jdbcType=INTEGER}, 
      #{regTime,jdbcType=INTEGER}, #{lastLogin,jdbcType=INTEGER}, #{lastIp,jdbcType=VARCHAR}, 
      #{qq,jdbcType=VARCHAR}, #{mobile,jdbcType=VARCHAR}, #{mobileValidated,jdbcType=TINYINT}, 
      #{oauth,jdbcType=VARCHAR}, #{openid,jdbcType=VARCHAR}, #{headPic,jdbcType=VARCHAR}, 
      #{province,jdbcType=INTEGER}, #{city,jdbcType=INTEGER}, #{district,jdbcType=INTEGER}, 
      #{emailValidated,jdbcType=TINYINT}, #{nickname,jdbcType=VARCHAR}, #{level,jdbcType=TINYINT}, 
      #{discount,jdbcType=DECIMAL}, #{totalAmount,jdbcType=DECIMAL}, #{isLock,jdbcType=TINYINT}, 
      #{isDistribut,jdbcType=TINYINT}, #{firstLeader,jdbcType=INTEGER}, #{secondLeader,jdbcType=INTEGER}, 
      #{thirdLeader,jdbcType=INTEGER}, #{token,jdbcType=VARCHAR})
  </insert>
  <insert id="insertSelective" parameterType="com.cuit.portal.entity.Users">
    <selectKey keyProperty="userId" order="AFTER" resultType="java.lang.Integer">
      SELECT LAST_INSERT_ID()
    </selectKey>
    insert into t_users
    <trim prefix="(" suffix=")" suffixOverrides=",">
      <if test="email != null">
        email,
      </if>
      <if test="password != null">
        password,
      </if>
      <if test="sex != null">
        sex,
      </if>
      <if test="birthday != null">
        birthday,
      </if>
      <if test="userMoney != null">
        user_money,
      </if>
      <if test="frozenMoney != null">
        frozen_money,
      </if>
      <if test="distributMoney != null">
        distribut_money,
      </if>
      <if test="payPoints != null">
        pay_points,
      </if>
      <if test="addressId != null">
        address_id,
      </if>
      <if test="regTime != null">
        reg_time,
      </if>
      <if test="lastLogin != null">
        last_login,
      </if>
      <if test="lastIp != null">
        last_ip,
      </if>
      <if test="qq != null">
        qq,
      </if>
      <if test="mobile != null">
        mobile,
      </if>
      <if test="mobileValidated != null">
        mobile_validated,
      </if>
      <if test="oauth != null">
        oauth,
      </if>
      <if test="openid != null">
        openid,
      </if>
      <if test="headPic != null">
        head_pic,
      </if>
      <if test="province != null">
        province,
      </if>
      <if test="city != null">
        city,
      </if>
      <if test="district != null">
        district,
      </if>
      <if test="emailValidated != null">
        email_validated,
      </if>
      <if test="nickname != null">
        nickname,
      </if>
      <if test="level != null">
        level,
      </if>
      <if test="discount != null">
        discount,
      </if>
      <if test="totalAmount != null">
        total_amount,
      </if>
      <if test="isLock != null">
        is_lock,
      </if>
      <if test="isDistribut != null">
        is_distribut,
      </if>
      <if test="firstLeader != null">
        first_leader,
      </if>
      <if test="secondLeader != null">
        second_leader,
      </if>
      <if test="thirdLeader != null">
        third_leader,
      </if>
      <if test="token != null">
        token,
      </if>
    </trim>
    <trim prefix="values (" suffix=")" suffixOverrides=",">
      <if test="email != null">
        #{email,jdbcType=VARCHAR},
      </if>
      <if test="password != null">
        #{password,jdbcType=VARCHAR},
      </if>
      <if test="sex != null">
        #{sex,jdbcType=TINYINT},
      </if>
      <if test="birthday != null">
        #{birthday,jdbcType=INTEGER},
      </if>
      <if test="userMoney != null">
        #{userMoney,jdbcType=DECIMAL},
      </if>
      <if test="frozenMoney != null">
        #{frozenMoney,jdbcType=DECIMAL},
      </if>
      <if test="distributMoney != null">
        #{distributMoney,jdbcType=DECIMAL},
      </if>
      <if test="payPoints != null">
        #{payPoints,jdbcType=INTEGER},
      </if>
      <if test="addressId != null">
        #{addressId,jdbcType=INTEGER},
      </if>
      <if test="regTime != null">
        #{regTime,jdbcType=INTEGER},
      </if>
      <if test="lastLogin != null">
        #{lastLogin,jdbcType=INTEGER},
      </if>
      <if test="lastIp != null">
        #{lastIp,jdbcType=VARCHAR},
      </if>
      <if test="qq != null">
        #{qq,jdbcType=VARCHAR},
      </if>
      <if test="mobile != null">
        #{mobile,jdbcType=VARCHAR},
      </if>
      <if test="mobileValidated != null">
        #{mobileValidated,jdbcType=TINYINT},
      </if>
      <if test="oauth != null">
        #{oauth,jdbcType=VARCHAR},
      </if>
      <if test="openid != null">
        #{openid,jdbcType=VARCHAR},
      </if>
      <if test="headPic != null">
        #{headPic,jdbcType=VARCHAR},
      </if>
      <if test="province != null">
        #{province,jdbcType=INTEGER},
      </if>
      <if test="city != null">
        #{city,jdbcType=INTEGER},
      </if>
      <if test="district != null">
        #{district,jdbcType=INTEGER},
      </if>
      <if test="emailValidated != null">
        #{emailValidated,jdbcType=TINYINT},
      </if>
      <if test="nickname != null">
        #{nickname,jdbcType=VARCHAR},
      </if>
      <if test="level != null">
        #{level,jdbcType=TINYINT},
      </if>
      <if test="discount != null">
        #{discount,jdbcType=DECIMAL},
      </if>
      <if test="totalAmount != null">
        #{totalAmount,jdbcType=DECIMAL},
      </if>
      <if test="isLock != null">
        #{isLock,jdbcType=TINYINT},
      </if>
      <if test="isDistribut != null">
        #{isDistribut,jdbcType=TINYINT},
      </if>
      <if test="firstLeader != null">
        #{firstLeader,jdbcType=INTEGER},
      </if>
      <if test="secondLeader != null">
        #{secondLeader,jdbcType=INTEGER},
      </if>
      <if test="thirdLeader != null">
        #{thirdLeader,jdbcType=INTEGER},
      </if>
      <if test="token != null">
        #{token,jdbcType=VARCHAR},
      </if>
    </trim>
  </insert>
  <select id="countByExample" parameterType="com.cuit.portal.entity.UsersExample" resultType="java.lang.Long">
    select count(*) from t_users
    <if test="_parameter != null">
      <include refid="Example_Where_Clause" />
    </if>
  </select>
  <update id="updateByExampleSelective" parameterType="map">
    update t_users
    <set>
      <if test="record.userId != null">
        user_id = #{record.userId,jdbcType=INTEGER},
      </if>
      <if test="record.email != null">
        email = #{record.email,jdbcType=VARCHAR},
      </if>
      <if test="record.password != null">
        password = #{record.password,jdbcType=VARCHAR},
      </if>
      <if test="record.sex != null">
        sex = #{record.sex,jdbcType=TINYINT},
      </if>
      <if test="record.birthday != null">
        birthday = #{record.birthday,jdbcType=INTEGER},
      </if>
      <if test="record.userMoney != null">
        user_money = #{record.userMoney,jdbcType=DECIMAL},
      </if>
      <if test="record.frozenMoney != null">
        frozen_money = #{record.frozenMoney,jdbcType=DECIMAL},
      </if>
      <if test="record.distributMoney != null">
        distribut_money = #{record.distributMoney,jdbcType=DECIMAL},
      </if>
      <if test="record.payPoints != null">
        pay_points = #{record.payPoints,jdbcType=INTEGER},
      </if>
      <if test="record.addressId != null">
        address_id = #{record.addressId,jdbcType=INTEGER},
      </if>
      <if test="record.regTime != null">
        reg_time = #{record.regTime,jdbcType=INTEGER},
      </if>
      <if test="record.lastLogin != null">
        last_login = #{record.lastLogin,jdbcType=INTEGER},
      </if>
      <if test="record.lastIp != null">
        last_ip = #{record.lastIp,jdbcType=VARCHAR},
      </if>
      <if test="record.qq != null">
        qq = #{record.qq,jdbcType=VARCHAR},
      </if>
      <if test="record.mobile != null">
        mobile = #{record.mobile,jdbcType=VARCHAR},
      </if>
      <if test="record.mobileValidated != null">
        mobile_validated = #{record.mobileValidated,jdbcType=TINYINT},
      </if>
      <if test="record.oauth != null">
        oauth = #{record.oauth,jdbcType=VARCHAR},
      </if>
      <if test="record.openid != null">
        openid = #{record.openid,jdbcType=VARCHAR},
      </if>
      <if test="record.headPic != null">
        head_pic = #{record.headPic,jdbcType=VARCHAR},
      </if>
      <if test="record.province != null">
        province = #{record.province,jdbcType=INTEGER},
      </if>
      <if test="record.city != null">
        city = #{record.city,jdbcType=INTEGER},
      </if>
      <if test="record.district != null">
        district = #{record.district,jdbcType=INTEGER},
      </if>
      <if test="record.emailValidated != null">
        email_validated = #{record.emailValidated,jdbcType=TINYINT},
      </if>
      <if test="record.nickname != null">
        nickname = #{record.nickname,jdbcType=VARCHAR},
      </if>
      <if test="record.level != null">
        level = #{record.level,jdbcType=TINYINT},
      </if>
      <if test="record.discount != null">
        discount = #{record.discount,jdbcType=DECIMAL},
      </if>
      <if test="record.totalAmount != null">
        total_amount = #{record.totalAmount,jdbcType=DECIMAL},
      </if>
      <if test="record.isLock != null">
        is_lock = #{record.isLock,jdbcType=TINYINT},
      </if>
      <if test="record.isDistribut != null">
        is_distribut = #{record.isDistribut,jdbcType=TINYINT},
      </if>
      <if test="record.firstLeader != null">
        first_leader = #{record.firstLeader,jdbcType=INTEGER},
      </if>
      <if test="record.secondLeader != null">
        second_leader = #{record.secondLeader,jdbcType=INTEGER},
      </if>
      <if test="record.thirdLeader != null">
        third_leader = #{record.thirdLeader,jdbcType=INTEGER},
      </if>
      <if test="record.token != null">
        token = #{record.token,jdbcType=VARCHAR},
      </if>
    </set>
    <if test="_parameter != null">
      <include refid="Update_By_Example_Where_Clause" />
    </if>
  </update>
  <update id="updateByExample" parameterType="map">
    update t_users
    set user_id = #{record.userId,jdbcType=INTEGER},
      email = #{record.email,jdbcType=VARCHAR},
      password = #{record.password,jdbcType=VARCHAR},
      sex = #{record.sex,jdbcType=TINYINT},
      birthday = #{record.birthday,jdbcType=INTEGER},
      user_money = #{record.userMoney,jdbcType=DECIMAL},
      frozen_money = #{record.frozenMoney,jdbcType=DECIMAL},
      distribut_money = #{record.distributMoney,jdbcType=DECIMAL},
      pay_points = #{record.payPoints,jdbcType=INTEGER},
      address_id = #{record.addressId,jdbcType=INTEGER},
      reg_time = #{record.regTime,jdbcType=INTEGER},
      last_login = #{record.lastLogin,jdbcType=INTEGER},
      last_ip = #{record.lastIp,jdbcType=VARCHAR},
      qq = #{record.qq,jdbcType=VARCHAR},
      mobile = #{record.mobile,jdbcType=VARCHAR},
      mobile_validated = #{record.mobileValidated,jdbcType=TINYINT},
      oauth = #{record.oauth,jdbcType=VARCHAR},
      openid = #{record.openid,jdbcType=VARCHAR},
      head_pic = #{record.headPic,jdbcType=VARCHAR},
      province = #{record.province,jdbcType=INTEGER},
      city = #{record.city,jdbcType=INTEGER},
      district = #{record.district,jdbcType=INTEGER},
      email_validated = #{record.emailValidated,jdbcType=TINYINT},
      nickname = #{record.nickname,jdbcType=VARCHAR},
      level = #{record.level,jdbcType=TINYINT},
      discount = #{record.discount,jdbcType=DECIMAL},
      total_amount = #{record.totalAmount,jdbcType=DECIMAL},
      is_lock = #{record.isLock,jdbcType=TINYINT},
      is_distribut = #{record.isDistribut,jdbcType=TINYINT},
      first_leader = #{record.firstLeader,jdbcType=INTEGER},
      second_leader = #{record.secondLeader,jdbcType=INTEGER},
      third_leader = #{record.thirdLeader,jdbcType=INTEGER},
      token = #{record.token,jdbcType=VARCHAR}
    <if test="_parameter != null">
      <include refid="Update_By_Example_Where_Clause" />
    </if>
  </update>
  <update id="updateByPrimaryKeySelective" parameterType="com.cuit.portal.entity.Users">
    update t_users
    <set>
      <if test="email != null">
        email = #{email,jdbcType=VARCHAR},
      </if>
      <if test="password != null">
        password = #{password,jdbcType=VARCHAR},
      </if>
      <if test="sex != null">
        sex = #{sex,jdbcType=TINYINT},
      </if>
      <if test="birthday != null">
        birthday = #{birthday,jdbcType=INTEGER},
      </if>
      <if test="userMoney != null">
        user_money = #{userMoney,jdbcType=DECIMAL},
      </if>
      <if test="frozenMoney != null">
        frozen_money = #{frozenMoney,jdbcType=DECIMAL},
      </if>
      <if test="distributMoney != null">
        distribut_money = #{distributMoney,jdbcType=DECIMAL},
      </if>
      <if test="payPoints != null">
        pay_points = #{payPoints,jdbcType=INTEGER},
      </if>
      <if test="addressId != null">
        address_id = #{addressId,jdbcType=INTEGER},
      </if>
      <if test="regTime != null">
        reg_time = #{regTime,jdbcType=INTEGER},
      </if>
      <if test="lastLogin != null">
        last_login = #{lastLogin,jdbcType=INTEGER},
      </if>
      <if test="lastIp != null">
        last_ip = #{lastIp,jdbcType=VARCHAR},
      </if>
      <if test="qq != null">
        qq = #{qq,jdbcType=VARCHAR},
      </if>
      <if test="mobile != null">
        mobile = #{mobile,jdbcType=VARCHAR},
      </if>
      <if test="mobileValidated != null">
        mobile_validated = #{mobileValidated,jdbcType=TINYINT},
      </if>
      <if test="oauth != null">
        oauth = #{oauth,jdbcType=VARCHAR},
      </if>
      <if test="openid != null">
        openid = #{openid,jdbcType=VARCHAR},
      </if>
      <if test="headPic != null">
        head_pic = #{headPic,jdbcType=VARCHAR},
      </if>
      <if test="province != null">
        province = #{province,jdbcType=INTEGER},
      </if>
      <if test="city != null">
        city = #{city,jdbcType=INTEGER},
      </if>
      <if test="district != null">
        district = #{district,jdbcType=INTEGER},
      </if>
      <if test="emailValidated != null">
        email_validated = #{emailValidated,jdbcType=TINYINT},
      </if>
      <if test="nickname != null">
        nickname = #{nickname,jdbcType=VARCHAR},
      </if>
      <if test="level != null">
        level = #{level,jdbcType=TINYINT},
      </if>
      <if test="discount != null">
        discount = #{discount,jdbcType=DECIMAL},
      </if>
      <if test="totalAmount != null">
        total_amount = #{totalAmount,jdbcType=DECIMAL},
      </if>
      <if test="isLock != null">
        is_lock = #{isLock,jdbcType=TINYINT},
      </if>
      <if test="isDistribut != null">
        is_distribut = #{isDistribut,jdbcType=TINYINT},
      </if>
      <if test="firstLeader != null">
        first_leader = #{firstLeader,jdbcType=INTEGER},
      </if>
      <if test="secondLeader != null">
        second_leader = #{secondLeader,jdbcType=INTEGER},
      </if>
      <if test="thirdLeader != null">
        third_leader = #{thirdLeader,jdbcType=INTEGER},
      </if>
      <if test="token != null">
        token = #{token,jdbcType=VARCHAR},
      </if>
    </set>
    where user_id = #{userId,jdbcType=INTEGER}
  </update>
  <update id="updateByPrimaryKey" parameterType="com.cuit.portal.entity.Users">
    update t_users
    set email = #{email,jdbcType=VARCHAR},
      password = #{password,jdbcType=VARCHAR},
      sex = #{sex,jdbcType=TINYINT},
      birthday = #{birthday,jdbcType=INTEGER},
      user_money = #{userMoney,jdbcType=DECIMAL},
      frozen_money = #{frozenMoney,jdbcType=DECIMAL},
      distribut_money = #{distributMoney,jdbcType=DECIMAL},
      pay_points = #{payPoints,jdbcType=INTEGER},
      address_id = #{addressId,jdbcType=INTEGER},
      reg_time = #{regTime,jdbcType=INTEGER},
      last_login = #{lastLogin,jdbcType=INTEGER},
      last_ip = #{lastIp,jdbcType=VARCHAR},
      qq = #{qq,jdbcType=VARCHAR},
      mobile = #{mobile,jdbcType=VARCHAR},
      mobile_validated = #{mobileValidated,jdbcType=TINYINT},
      oauth = #{oauth,jdbcType=VARCHAR},
      openid = #{openid,jdbcType=VARCHAR},
      head_pic = #{headPic,jdbcType=VARCHAR},
      province = #{province,jdbcType=INTEGER},
      city = #{city,jdbcType=INTEGER},
      district = #{district,jdbcType=INTEGER},
      email_validated = #{emailValidated,jdbcType=TINYINT},
      nickname = #{nickname,jdbcType=VARCHAR},
      level = #{level,jdbcType=TINYINT},
      discount = #{discount,jdbcType=DECIMAL},
      total_amount = #{totalAmount,jdbcType=DECIMAL},
      is_lock = #{isLock,jdbcType=TINYINT},
      is_distribut = #{isDistribut,jdbcType=TINYINT},
      first_leader = #{firstLeader,jdbcType=INTEGER},
      second_leader = #{secondLeader,jdbcType=INTEGER},
      third_leader = #{thirdLeader,jdbcType=INTEGER},
      token = #{token,jdbcType=VARCHAR}
    where user_id = #{userId,jdbcType=INTEGER}
  </update>
</mapper>