<?xml version="1.0" encoding="UTF-8"?>
<!DOCTYPE mapper PUBLIC "-//mybatis.org//DTD Mapper 3.0//EN" "http://mybatis.org/dtd/mybatis-3-mapper.dtd">
<mapper namespace="com.cuit.managerment.mapper.AdminMapper">
  <resultMap id="BaseResultMap" type="com.cuit.common.entity.Admin">
    <id column="admin_id" jdbcType="SMALLINT" property="adminId" />
    <result column="user_name" jdbcType="VARCHAR" property="userName" />
    <result column="email" jdbcType="VARCHAR" property="email" />
    <result column="password" jdbcType="VARCHAR" property="password" />
    <result column="ec_salt" jdbcType="VARCHAR" property="ecSalt" />
    <result column="add_time" jdbcType="INTEGER" property="addTime" />
    <result column="last_login" jdbcType="INTEGER" property="lastLogin" />
    <result column="last_ip" jdbcType="VARCHAR" property="lastIp" />
    <result column="lang_type" jdbcType="VARCHAR" property="langType" />
    <result column="agency_id" jdbcType="SMALLINT" property="agencyId" />
    <result column="suppliers_id" jdbcType="SMALLINT" property="suppliersId" />
    <result column="role_id" jdbcType="SMALLINT" property="roleId" />
  </resultMap>
  <resultMap extends="BaseResultMap" id="ResultMapWithBLOBs" type="com.cuit.common.entity.AdminWithBLOBs">
    <result column="nav_list" jdbcType="LONGVARCHAR" property="navList" />
    <result column="todolist" jdbcType="LONGVARCHAR" property="todolist" />
  </resultMap>
  <sql id="Example_Where_Clause">
    <where>
      <foreach collection="oredCriteria" item="criteria" separator="or">
        <if test="criteria.valid">
          <trim prefix="(" prefixOverrides="and" suffix=")">
            <foreach collection="criteria.criteria" item="criterion">
              <choose>
                <when test="criterion.noValue">
                  and ${criterion.condition}
                </when>
                <when test="criterion.singleValue">
                  and ${criterion.condition} #{criterion.value}
                </when>
                <when test="criterion.betweenValue">
                  and ${criterion.condition} #{criterion.value} and #{criterion.secondValue}
                </when>
                <when test="criterion.listValue">
                  and ${criterion.condition}
                  <foreach close=")" collection="criterion.value" item="listItem" open="(" separator=",">
                    #{listItem}
                  </foreach>
                </when>
              </choose>
            </foreach>
          </trim>
        </if>
      </foreach>
    </where>
  </sql>
  <sql id="Update_By_Example_Where_Clause">
    <where>
      <foreach collection="example.oredCriteria" item="criteria" separator="or">
        <if test="criteria.valid">
          <trim prefix="(" prefixOverrides="and" suffix=")">
            <foreach collection="criteria.criteria" item="criterion">
              <choose>
                <when test="criterion.noValue">
                  and ${criterion.condition}
                </when>
                <when test="criterion.singleValue">
                  and ${criterion.condition} #{criterion.value}
                </when>
                <when test="criterion.betweenValue">
                  and ${criterion.condition} #{criterion.value} and #{criterion.secondValue}
                </when>
                <when test="criterion.listValue">
                  and ${criterion.condition}
                  <foreach close=")" collection="criterion.value" item="listItem" open="(" separator=",">
                    #{listItem}
                  </foreach>
                </when>
              </choose>
            </foreach>
          </trim>
        </if>
      </foreach>
    </where>
  </sql>
  <sql id="Base_Column_List">
    admin_id, user_name, email, password, ec_salt, add_time, last_login, last_ip, lang_type, 
    agency_id, suppliers_id, role_id
  </sql>
  <sql id="Blob_Column_List">
    nav_list, todolist
  </sql>
  <select id="selectByExampleWithBLOBs" parameterType="com.cuit.common.entity.AdminExample" resultMap="ResultMapWithBLOBs">
    select
    <if test="distinct">
      distinct
    </if>
    <include refid="Base_Column_List" />
    ,
    <include refid="Blob_Column_List" />
    from t_admin
    <if test="_parameter != null">
      <include refid="Example_Where_Clause" />
    </if>
    <if test="orderByClause != null">
      order by ${orderByClause}
    </if>
  </select>
  <select id="selectByExample" parameterType="com.cuit.common.entity.AdminExample" resultMap="BaseResultMap">
    select
    <if test="distinct">
      distinct
    </if>
    <include refid="Base_Column_List" />
    from t_admin
    <if test="_parameter != null">
      <include refid="Example_Where_Clause" />
    </if>
    <if test="orderByClause != null">
      order by ${orderByClause}
    </if>
  </select>
  <select id="selectByPrimaryKey" parameterType="java.lang.Short" resultMap="ResultMapWithBLOBs">
    select 
    <include refid="Base_Column_List" />
    ,
    <include refid="Blob_Column_List" />
    from t_admin
    where admin_id = #{adminId,jdbcType=SMALLINT}
  </select>
  <delete id="deleteByPrimaryKey" parameterType="java.lang.Short">
    delete from t_admin
    where admin_id = #{adminId,jdbcType=SMALLINT}
  </delete>
  <delete id="deleteByExample" parameterType="com.cuit.common.entity.AdminExample">
    delete from t_admin
    <if test="_parameter != null">
      <include refid="Example_Where_Clause" />
    </if>
  </delete>
  <insert id="insert" parameterType="com.cuit.common.entity.AdminWithBLOBs">
    <selectKey keyProperty="adminId" order="AFTER" resultType="java.lang.Short">
      SELECT LAST_INSERT_ID()
    </selectKey>
    insert into t_admin (user_name, email, password, 
      ec_salt, add_time, last_login, 
      last_ip, lang_type, agency_id, 
      suppliers_id, role_id, nav_list, 
      todolist)
    values (#{userName,jdbcType=VARCHAR}, #{email,jdbcType=VARCHAR}, #{password,jdbcType=VARCHAR}, 
      #{ecSalt,jdbcType=VARCHAR}, #{addTime,jdbcType=INTEGER}, #{lastLogin,jdbcType=INTEGER}, 
      #{lastIp,jdbcType=VARCHAR}, #{langType,jdbcType=VARCHAR}, #{agencyId,jdbcType=SMALLINT}, 
      #{suppliersId,jdbcType=SMALLINT}, #{roleId,jdbcType=SMALLINT}, #{navList,jdbcType=LONGVARCHAR}, 
      #{todolist,jdbcType=LONGVARCHAR})
  </insert>
  <insert id="insertSelective" parameterType="com.cuit.common.entity.AdminWithBLOBs">
    <selectKey keyProperty="adminId" order="AFTER" resultType="java.lang.Short">
      SELECT LAST_INSERT_ID()
    </selectKey>
    insert into t_admin
    <trim prefix="(" suffix=")" suffixOverrides=",">
      <if test="userName != null">
        user_name,
      </if>
      <if test="email != null">
        email,
      </if>
      <if test="password != null">
        password,
      </if>
      <if test="ecSalt != null">
        ec_salt,
      </if>
      <if test="addTime != null">
        add_time,
      </if>
      <if test="lastLogin != null">
        last_login,
      </if>
      <if test="lastIp != null">
        last_ip,
      </if>
      <if test="langType != null">
        lang_type,
      </if>
      <if test="agencyId != null">
        agency_id,
      </if>
      <if test="suppliersId != null">
        suppliers_id,
      </if>
      <if test="roleId != null">
        role_id,
      </if>
      <if test="navList != null">
        nav_list,
      </if>
      <if test="todolist != null">
        todolist,
      </if>
    </trim>
    <trim prefix="values (" suffix=")" suffixOverrides=",">
      <if test="userName != null">
        #{userName,jdbcType=VARCHAR},
      </if>
      <if test="email != null">
        #{email,jdbcType=VARCHAR},
      </if>
      <if test="password != null">
        #{password,jdbcType=VARCHAR},
      </if>
      <if test="ecSalt != null">
        #{ecSalt,jdbcType=VARCHAR},
      </if>
      <if test="addTime != null">
        #{addTime,jdbcType=INTEGER},
      </if>
      <if test="lastLogin != null">
        #{lastLogin,jdbcType=INTEGER},
      </if>
      <if test="lastIp != null">
        #{lastIp,jdbcType=VARCHAR},
      </if>
      <if test="langType != null">
        #{langType,jdbcType=VARCHAR},
      </if>
      <if test="agencyId != null">
        #{agencyId,jdbcType=SMALLINT},
      </if>
      <if test="suppliersId != null">
        #{suppliersId,jdbcType=SMALLINT},
      </if>
      <if test="roleId != null">
        #{roleId,jdbcType=SMALLINT},
      </if>
      <if test="navList != null">
        #{navList,jdbcType=LONGVARCHAR},
      </if>
      <if test="todolist != null">
        #{todolist,jdbcType=LONGVARCHAR},
      </if>
    </trim>
  </insert>
  <select id="countByExample" parameterType="com.cuit.common.entity.AdminExample" resultType="java.lang.Long">
    select count(*) from t_admin
    <if test="_parameter != null">
      <include refid="Example_Where_Clause" />
    </if>
  </select>
  <update id="updateByExampleSelective" parameterType="map">
    update t_admin
    <set>
      <if test="record.adminId != null">
        admin_id = #{record.adminId,jdbcType=SMALLINT},
      </if>
      <if test="record.userName != null">
        user_name = #{record.userName,jdbcType=VARCHAR},
      </if>
      <if test="record.email != null">
        email = #{record.email,jdbcType=VARCHAR},
      </if>
      <if test="record.password != null">
        password = #{record.password,jdbcType=VARCHAR},
      </if>
      <if test="record.ecSalt != null">
        ec_salt = #{record.ecSalt,jdbcType=VARCHAR},
      </if>
      <if test="record.addTime != null">
        add_time = #{record.addTime,jdbcType=INTEGER},
      </if>
      <if test="record.lastLogin != null">
        last_login = #{record.lastLogin,jdbcType=INTEGER},
      </if>
      <if test="record.lastIp != null">
        last_ip = #{record.lastIp,jdbcType=VARCHAR},
      </if>
      <if test="record.langType != null">
        lang_type = #{record.langType,jdbcType=VARCHAR},
      </if>
      <if test="record.agencyId != null">
        agency_id = #{record.agencyId,jdbcType=SMALLINT},
      </if>
      <if test="record.suppliersId != null">
        suppliers_id = #{record.suppliersId,jdbcType=SMALLINT},
      </if>
      <if test="record.roleId != null">
        role_id = #{record.roleId,jdbcType=SMALLINT},
      </if>
      <if test="record.navList != null">
        nav_list = #{record.navList,jdbcType=LONGVARCHAR},
      </if>
      <if test="record.todolist != null">
        todolist = #{record.todolist,jdbcType=LONGVARCHAR},
      </if>
    </set>
    <if test="_parameter != null">
      <include refid="Update_By_Example_Where_Clause" />
    </if>
  </update>
  <update id="updateByExampleWithBLOBs" parameterType="map">
    update t_admin
    set admin_id = #{record.adminId,jdbcType=SMALLINT},
      user_name = #{record.userName,jdbcType=VARCHAR},
      email = #{record.email,jdbcType=VARCHAR},
      password = #{record.password,jdbcType=VARCHAR},
      ec_salt = #{record.ecSalt,jdbcType=VARCHAR},
      add_time = #{record.addTime,jdbcType=INTEGER},
      last_login = #{record.lastLogin,jdbcType=INTEGER},
      last_ip = #{record.lastIp,jdbcType=VARCHAR},
      lang_type = #{record.langType,jdbcType=VARCHAR},
      agency_id = #{record.agencyId,jdbcType=SMALLINT},
      suppliers_id = #{record.suppliersId,jdbcType=SMALLINT},
      role_id = #{record.roleId,jdbcType=SMALLINT},
      nav_list = #{record.navList,jdbcType=LONGVARCHAR},
      todolist = #{record.todolist,jdbcType=LONGVARCHAR}
    <if test="_parameter != null">
      <include refid="Update_By_Example_Where_Clause" />
    </if>
  </update>
  <update id="updateByExample" parameterType="map">
    update t_admin
    set admin_id = #{record.adminId,jdbcType=SMALLINT},
      user_name = #{record.userName,jdbcType=VARCHAR},
      email = #{record.email,jdbcType=VARCHAR},
      password = #{record.password,jdbcType=VARCHAR},
      ec_salt = #{record.ecSalt,jdbcType=VARCHAR},
      add_time = #{record.addTime,jdbcType=INTEGER},
      last_login = #{record.lastLogin,jdbcType=INTEGER},
      last_ip = #{record.lastIp,jdbcType=VARCHAR},
      lang_type = #{record.langType,jdbcType=VARCHAR},
      agency_id = #{record.agencyId,jdbcType=SMALLINT},
      suppliers_id = #{record.suppliersId,jdbcType=SMALLINT},
      role_id = #{record.roleId,jdbcType=SMALLINT}
    <if test="_parameter != null">
      <include refid="Update_By_Example_Where_Clause" />
    </if>
  </update>
  <update id="updateByPrimaryKeySelective" parameterType="com.cuit.common.entity.AdminWithBLOBs">
    update t_admin
    <set>
      <if test="userName != null">
        user_name = #{userName,jdbcType=VARCHAR},
      </if>
      <if test="email != null">
        email = #{email,jdbcType=VARCHAR},
      </if>
      <if test="password != null">
        password = #{password,jdbcType=VARCHAR},
      </if>
      <if test="ecSalt != null">
        ec_salt = #{ecSalt,jdbcType=VARCHAR},
      </if>
      <if test="addTime != null">
        add_time = #{addTime,jdbcType=INTEGER},
      </if>
      <if test="lastLogin != null">
        last_login = #{lastLogin,jdbcType=INTEGER},
      </if>
      <if test="lastIp != null">
        last_ip = #{lastIp,jdbcType=VARCHAR},
      </if>
      <if test="langType != null">
        lang_type = #{langType,jdbcType=VARCHAR},
      </if>
      <if test="agencyId != null">
        agency_id = #{agencyId,jdbcType=SMALLINT},
      </if>
      <if test="suppliersId != null">
        suppliers_id = #{suppliersId,jdbcType=SMALLINT},
      </if>
      <if test="roleId != null">
        role_id = #{roleId,jdbcType=SMALLINT},
      </if>
      <if test="navList != null">
        nav_list = #{navList,jdbcType=LONGVARCHAR},
      </if>
      <if test="todolist != null">
        todolist = #{todolist,jdbcType=LONGVARCHAR},
      </if>
    </set>
    where admin_id = #{adminId,jdbcType=SMALLINT}
  </update>
  <update id="updateByPrimaryKeyWithBLOBs" parameterType="com.cuit.common.entity.AdminWithBLOBs">
    update t_admin
    set user_name = #{userName,jdbcType=VARCHAR},
      email = #{email,jdbcType=VARCHAR},
      password = #{password,jdbcType=VARCHAR},
      ec_salt = #{ecSalt,jdbcType=VARCHAR},
      add_time = #{addTime,jdbcType=INTEGER},
      last_login = #{lastLogin,jdbcType=INTEGER},
      last_ip = #{lastIp,jdbcType=VARCHAR},
      lang_type = #{langType,jdbcType=VARCHAR},
      agency_id = #{agencyId,jdbcType=SMALLINT},
      suppliers_id = #{suppliersId,jdbcType=SMALLINT},
      role_id = #{roleId,jdbcType=SMALLINT},
      nav_list = #{navList,jdbcType=LONGVARCHAR},
      todolist = #{todolist,jdbcType=LONGVARCHAR}
    where admin_id = #{adminId,jdbcType=SMALLINT}
  </update>
  <update id="updateByPrimaryKey" parameterType="com.cuit.common.entity.Admin">
    update t_admin
    set user_name = #{userName,jdbcType=VARCHAR},
      email = #{email,jdbcType=VARCHAR},
      password = #{password,jdbcType=VARCHAR},
      ec_salt = #{ecSalt,jdbcType=VARCHAR},
      add_time = #{addTime,jdbcType=INTEGER},
      last_login = #{lastLogin,jdbcType=INTEGER},
      last_ip = #{lastIp,jdbcType=VARCHAR},
      lang_type = #{langType,jdbcType=VARCHAR},
      agency_id = #{agencyId,jdbcType=SMALLINT},
      suppliers_id = #{suppliersId,jdbcType=SMALLINT},
      role_id = #{roleId,jdbcType=SMALLINT}
    where admin_id = #{adminId,jdbcType=SMALLINT}
  </update>
</mapper>