<?xml version="1.0" encoding="UTF-8"?>
<!DOCTYPE mapper PUBLIC "-//mybatis.org//DTD Mapper 3.0//EN" "http://mybatis.org/dtd/mybatis-3-mapper.dtd">
<mapper namespace="com.cuit.managerment.mapper.GoodsImagesMapper">
  <resultMap id="BaseResultMap" type="com.cuit.managerment.entity.GoodsImages">
    <id column="img_id" jdbcType="INTEGER" property="imgId" />
    <result column="goods_id" jdbcType="INTEGER" property="goodsId" />
    <result column="image_url" jdbcType="VARCHAR" property="imageUrl" />
  </resultMap>
  <sql id="Example_Where_Clause">
    <where>
      <foreach collection="oredCriteria" item="criteria" separator="or">
        <if test="criteria.valid">
          <trim prefix="(" prefixOverrides="and" suffix=")">
            <foreach collection="criteria.criteria" item="criterion">
              <choose>
                <when test="criterion.noValue">
                  and ${criterion.condition}
                </when>
                <when test="criterion.singleValue">
                  and ${criterion.condition} #{criterion.value}
                </when>
                <when test="criterion.betweenValue">
                  and ${criterion.condition} #{criterion.value} and #{criterion.secondValue}
                </when>
                <when test="criterion.listValue">
                  and ${criterion.condition}
                  <foreach close=")" collection="criterion.value" item="listItem" open="(" separator=",">
                    #{listItem}
                  </foreach>
                </when>
              </choose>
            </foreach>
          </trim>
        </if>
      </foreach>
    </where>
  </sql>
  <sql id="Update_By_Example_Where_Clause">
    <where>
      <foreach collection="example.oredCriteria" item="criteria" separator="or">
        <if test="criteria.valid">
          <trim prefix="(" prefixOverrides="and" suffix=")">
            <foreach collection="criteria.criteria" item="criterion">
              <choose>
                <when test="criterion.noValue">
                  and ${criterion.condition}
                </when>
                <when test="criterion.singleValue">
                  and ${criterion.condition} #{criterion.value}
                </when>
                <when test="criterion.betweenValue">
                  and ${criterion.condition} #{criterion.value} and #{criterion.secondValue}
                </when>
                <when test="criterion.listValue">
                  and ${criterion.condition}
                  <foreach close=")" collection="criterion.value" item="listItem" open="(" separator=",">
                    #{listItem}
                  </foreach>
                </when>
              </choose>
            </foreach>
          </trim>
        </if>
      </foreach>
    </where>
  </sql>
  <sql id="Base_Column_List">
    img_id, goods_id, image_url
  </sql>
  <select id="selectByExample" parameterType="com.cuit.managerment.entity.GoodsImagesExample" resultMap="BaseResultMap">
    select
    <if test="distinct">
      distinct
    </if>
    <include refid="Base_Column_List" />
    from t_goods_images
    <if test="_parameter != null">
      <include refid="Example_Where_Clause" />
    </if>
    <if test="orderByClause != null">
      order by ${orderByClause}
    </if>
  </select>
  <select id="selectByPrimaryKey" parameterType="java.lang.Integer" resultMap="BaseResultMap">
    select 
    <include refid="Base_Column_List" />
    from t_goods_images
    where img_id = #{imgId,jdbcType=INTEGER}
  </select>
  <delete id="deleteByPrimaryKey" parameterType="java.lang.Integer">
    delete from t_goods_images
    where img_id = #{imgId,jdbcType=INTEGER}
  </delete>
  <delete id="deleteByExample" parameterType="com.cuit.managerment.entity.GoodsImagesExample">
    delete from t_goods_images
    <if test="_parameter != null">
      <include refid="Example_Where_Clause" />
    </if>
  </delete>
  <insert id="insert" parameterType="com.cuit.managerment.entity.GoodsImages">
    <selectKey keyProperty="imgId" order="AFTER" resultType="java.lang.Integer">
      SELECT LAST_INSERT_ID()
    </selectKey>
    insert into t_goods_images (goods_id, image_url)
    values (#{goodsId,jdbcType=INTEGER}, #{imageUrl,jdbcType=VARCHAR})
  </insert>
  <insert id="insertSelective" parameterType="com.cuit.managerment.entity.GoodsImages">
    <selectKey keyProperty="imgId" order="AFTER" resultType="java.lang.Integer">
      SELECT LAST_INSERT_ID()
    </selectKey>
    insert into t_goods_images
    <trim prefix="(" suffix=")" suffixOverrides=",">
      <if test="goodsId != null">
        goods_id,
      </if>
      <if test="imageUrl != null">
        image_url,
      </if>
    </trim>
    <trim prefix="values (" suffix=")" suffixOverrides=",">
      <if test="goodsId != null">
        #{goodsId,jdbcType=INTEGER},
      </if>
      <if test="imageUrl != null">
        #{imageUrl,jdbcType=VARCHAR},
      </if>
    </trim>
  </insert>
  <select id="countByExample" parameterType="com.cuit.managerment.entity.GoodsImagesExample" resultType="java.lang.Long">
    select count(*) from t_goods_images
    <if test="_parameter != null">
      <include refid="Example_Where_Clause" />
    </if>
  </select>
  <update id="updateByExampleSelective" parameterType="map">
    update t_goods_images
    <set>
      <if test="record.imgId != null">
        img_id = #{record.imgId,jdbcType=INTEGER},
      </if>
      <if test="record.goodsId != null">
        goods_id = #{record.goodsId,jdbcType=INTEGER},
      </if>
      <if test="record.imageUrl != null">
        image_url = #{record.imageUrl,jdbcType=VARCHAR},
      </if>
    </set>
    <if test="_parameter != null">
      <include refid="Update_By_Example_Where_Clause" />
    </if>
  </update>
  <update id="updateByExample" parameterType="map">
    update t_goods_images
    set img_id = #{record.imgId,jdbcType=INTEGER},
      goods_id = #{record.goodsId,jdbcType=INTEGER},
      image_url = #{record.imageUrl,jdbcType=VARCHAR}
    <if test="_parameter != null">
      <include refid="Update_By_Example_Where_Clause" />
    </if>
  </update>
  <update id="updateByPrimaryKeySelective" parameterType="com.cuit.managerment.entity.GoodsImages">
    update t_goods_images
    <set>
      <if test="goodsId != null">
        goods_id = #{goodsId,jdbcType=INTEGER},
      </if>
      <if test="imageUrl != null">
        image_url = #{imageUrl,jdbcType=VARCHAR},
      </if>
    </set>
    where img_id = #{imgId,jdbcType=INTEGER}
  </update>
  <update id="updateByPrimaryKey" parameterType="com.cuit.managerment.entity.GoodsImages">
    update t_goods_images
    set goods_id = #{goodsId,jdbcType=INTEGER},
      image_url = #{imageUrl,jdbcType=VARCHAR}
    where img_id = #{imgId,jdbcType=INTEGER}
  </update>
</mapper>